price,crime,nox,rooms,dist,radial,proptax,stratio,lowstat
24000,0.006000000052154064,5.380000114440918,6.570000171661377,4.090000152587891,1,29.600000381469727,15.300000190734863,4.980000019073486
21599,0.027000000700354576,4.690000057220459,6.420000076293945,4.96999979019165,2,24.200000762939453,17.799999237060547,9.140000343322754
34700,0.027000000700354576,4.690000057220459,7.179999828338623,4.96999979019165,2,24.200000762939453,17.799999237060547,4.03000020980835
33400,0.03200000151991844,4.579999923706055,7,6.059999942779541,3,22.200000762939453,18.700000762939453,2.940000057220459
36199,0.0689999982714653,4.579999923706055,7.150000095367432,6.059999942779541,3,22.200000762939453,18.700000762939453,5.329999923706055
28701,0.029999999329447746,4.579999923706055,6.429999828338623,6.059999942779541,3,22.200000762939453,18.700000762939453,5.210000038146973
22900,0.08799999952316284,5.239999771118164,6.010000228881836,5.559999942779541,5,31.100000381469727,15.199999809265137,12.430000305175781
27100,0.14499999582767487,5.239999771118164,6.170000076293945,5.949999809265137,5,31.100000381469727,15.199999809265137,19.149999618530273
16500,0.210999995470047,5.239999771118164,5.630000114440918,6.079999923706055,5,31.100000381469727,15.199999809265137,29.93000030517578
18900,0.17000000178813934,5.239999771118164,6,6.590000152587891,5,31.100000381469727,15.199999809265137,17.100000381469727
15000,0.22499999403953552,5.239999771118164,6.380000114440918,6.349999904632568,5,31.100000381469727,15.199999809265137,20.450000762939453
18900,0.11699999868869781,5.239999771118164,6.010000228881836,6.230000019073486,5,31.100000381469727,15.199999809265137,13.270000457763672
21700,0.09399999678134918,5.239999771118164,5.889999866485596,5.449999809265137,5,31.100000381469727,15.199999809265137,15.710000038146973
20400,0.6299999952316284,5.380000114440918,5.949999809265137,4.710000038146973,4,30.700000762939453,21,8.260000228881836
18200,0.6380000114440918,5.380000114440918,6.099999904632568,4.460000038146973,4,30.700000762939453,21,10.260000228881836
19900,0.6269999742507935,5.380000114440918,5.829999923706055,4.5,4,30.700000762939453,21,8.470000267028809
23100,1.0540000200271606,5.380000114440918,5.929999828338623,4.5,4,30.700000762939453,21,6.579999923706055
17500,0.7839999794960022,5.380000114440918,5.989999771118164,4.260000228881836,4,30.700000762939453,21,14.670000076293945
20200,0.8029999732971191,5.380000114440918,5.460000038146973,3.799999952316284,4,30.700000762939453,21,11.6899995803833
18200,0.7260000109672546,5.380000114440918,5.730000019073486,3.799999952316284,4,30.700000762939453,21,11.279999732971191
13600,1.2519999742507935,5.380000114440918,5.570000171661377,3.799999952316284,4,30.700000762939453,21,21.020000457763672
19600,0.8519999980926514,5.380000114440918,5.960000038146973,4.010000228881836,4,30.700000762939453,21,13.829999923706055
15200,1.2319999933242798,5.380000114440918,6.139999866485596,3.9800000190734863,4,30.700000762939453,21,18.719999313354492
14500,0.9879999756813049,5.380000114440918,5.809999942779541,4.099999904632568,4,30.700000762939453,21,19.8799991607666
15600,0.75,5.380000114440918,5.920000076293945,4.400000095367432,4,30.700000762939453,21,16.299999237060547
13900,0.8410000205039978,5.380000114440918,5.599999904632568,4.449999809265137,4,30.700000762939453,21,16.510000228881836
16600,0.671999990940094,5.380000114440918,5.809999942779541,4.679999828338623,4,30.700000762939453,21,14.8100004196167
14800,0.9559999704360962,5.380000114440918,6.050000190734863,4.449999809265137,4,30.700000762939453,21,17.280000686645508
18400,0.7730000019073486,5.380000114440918,6.489999771118164,4.449999809265137,4,30.700000762939453,21,12.800000190734863
21000,1.0019999742507935,5.380000114440918,6.670000076293945,4.230000019073486,4,30.700000762939453,21,11.979999542236328
12700,1.13100004196167,5.380000114440918,5.690000057220459,4.230000019073486,4,30.700000762939453,21,22.600000381469727
14500,1.3550000190734863,5.380000114440918,6.070000171661377,4.170000076293945,4,30.700000762939453,21,13.039999961853027
13200,1.3880000114440918,5.380000114440918,5.949999809265137,3.990000009536743,4,30.700000762939453,21,27.709999084472656
13100,1.1519999504089355,5.380000114440918,5.699999809265137,3.7899999618530273,4,30.700000762939453,21,18.350000381469727
13500,1.6130000352859497,5.380000114440918,6.099999904632568,3.759999990463257,4,30.700000762939453,21,20.34000015258789
18900,0.06400000303983688,4.989999771118164,5.929999828338623,3.359999895095825,5,27.899999618530273,19.200000762939453,9.680000305175781
20000,0.09700000286102295,4.989999771118164,5.840000152587891,3.380000114440918,5,27.899999618530273,19.200000762939453,11.40999984741211
13668,0.07999999821186066,4.989999771118164,5.849999904632568,3.930000066757202,5,27.899999618530273,19.200000762939453,8.770000457763672
24701,0.17499999701976776,4.989999771118164,5.96999979019165,3.8499999046325684,5,27.899999618530273,19.200000762939453,10.130000114440918
30801,0.02800000086426735,4.28000020980835,6.590000152587891,5.400000095367432,3,25.200000762939453,18.299999237060547,4.320000171661377
34899,0.03400000184774399,4.28000020980835,7.019999980926514,5.400000095367432,3,25.200000762939453,18.299999237060547,1.9800000190734863
26601,0.12700000405311584,4.480000019073486,6.769999980926514,5.71999979019165,3,23.299999237060547,17.899999618530273,4.840000152587891
25301,0.14100000262260437,4.480000019073486,6.170000076293945,5.71999979019165,3,23.299999237060547,17.899999618530273,5.809999942779541
24701,0.1589999943971634,4.480000019073486,6.210000038146973,5.71999979019165,3,23.299999237060547,17.899999618530273,7.440000057220459
21200,0.12300000339746475,4.480000019073486,6.070000171661377,5.71999979019165,3,23.299999237060547,17.899999618530273,9.550000190734863
19300,0.17100000381469727,4.480000019073486,5.679999828338623,5.099999904632568,3,23.299999237060547,17.899999618530273,10.210000038146973
20000,0.18799999356269836,4.480000019073486,5.789999961853027,5.099999904632568,3,23.299999237060547,17.899999618530273,14.149999618530273
16600,0.2290000021457672,4.480000019073486,6.03000020980835,5.690000057220459,3,23.299999237060547,17.899999618530273,18.799999237060547
14400,0.2540000081062317,4.480000019073486,5.400000095367432,5.869999885559082,3,23.299999237060547,17.899999618530273,30.809999465942383
19400,0.2199999988079071,4.480000019073486,5.599999904632568,6.090000152587891,3,23.299999237060547,17.899999618530273,16.200000762939453
19700,0.08900000154972076,4.389999866485596,5.960000038146973,6.809999942779541,4,24.299999237060547,16.799999237060547,13.449999809265137
20500,0.0430000014603138,4.389999866485596,6.110000133514404,6.809999942779541,4,24.299999237060547,16.799999237060547,9.430000305175781
22620,0.05400000140070915,4.389999866485596,6.510000228881836,6.809999942779541,4,24.299999237060547,16.799999237060547,5.28000020980835
23400,0.05000000074505806,4.389999866485596,6,6.809999942779541,4,24.299999237060547,21.100000381469727,8.430000305175781
18900,0.014000000432133675,4.099999904632568,5.889999866485596,7.320000171661377,3,46.900001525878906,17.899999618530273,14.800000190734863
35401,0.013000000268220901,4.03000020980835,7.25,8.699999809265137,5,22.600000381469727,17.299999237060547,4.809999942779541
24701,0.020999999716877937,4.099999904632568,6.380000114440918,9.1899995803833,2,31.299999237060547,15.100000381469727,5.769999980926514
32562,0.014000000432133675,4.110000133514404,6.820000171661377,8.319999694824219,5,25.600000381469727,19.700000762939453,3.950000047683716
23300,0.15399999916553497,4.53000020980835,6.139999866485596,7.809999942779541,8,28.399999618530273,19.700000762939453,6.860000133514404
19600,0.10300000011920929,4.53000020980835,5.929999828338623,6.929999828338623,8,28.399999618530273,19.700000762939453,9.220000267028809
18700,0.14900000393390656,4.53000020980835,5.739999771118164,6.760000228881836,8,28.399999618530273,19.700000762939453,13.149999618530273
16000,0.1720000058412552,4.53000020980835,5.96999979019165,6.820000171661377,8,28.399999618530273,19.700000762939453,14.4399995803833
22199,0.10999999940395355,4.53000020980835,6.460000038146973,7.230000019073486,8,28.399999618530273,19.700000762939453,6.730000019073486
24999,0.12700000405311584,4.53000020980835,6.760000228881836,7.980000019073486,8,28.399999618530273,19.700000762939453,9.5
33001,0.019999999552965164,4.159999847412109,7.099999904632568,9.220000267028809,3,21.600000381469727,18.600000381469727,8.050000190734863
23501,0.035999998450279236,3.9800000190734863,6.289999961853027,6.610000133514404,4,33.70000076293945,16.100000381469727,4.670000076293945
19400,0.04399999976158142,3.9800000190734863,5.789999961853027,6.610000133514404,4,33.70000076293945,16.100000381469727,10.239999771118164
22000,0.057999998331069946,4.090000152587891,5.880000114440918,6.5,4,34.5,18.899999618530273,8.100000381469727
17400,0.13600000739097595,4.090000152587891,5.590000152587891,6.5,4,34.5,18.899999618530273,13.09000015258789
20900,0.12800000607967377,4.090000152587891,5.880000114440918,6.5,4,34.5,18.899999618530273,8.789999961853027
24200,0.08799999952316284,4.130000114440918,6.420000076293945,5.289999961853027,4,30.5,19.200000762939453,6.71999979019165
21700,0.1589999943971634,4.130000114440918,5.960000038146973,5.289999961853027,4,30.5,19.200000762939453,9.880000114440918
22800,0.09200000017881393,4.130000114440918,6.059999942779541,5.289999961853027,4,30.5,19.200000762939453,5.519999980926514
23400,0.19499999284744263,4.130000114440918,6.239999771118164,5.289999961853027,4,30.5,19.200000762939453,7.539999961853027
24101,0.07900000363588333,4.369999885559082,6.269999980926514,4.25,5,39.79999923706055,18.700000762939453,6.78000020980835
21400,0.0949999988079071,4.369999885559082,6.289999961853027,4.5,5,39.79999923706055,18.700000762939453,8.9399995803833
20000,0.10199999809265137,4.369999885559082,6.28000020980835,4.050000190734863,5,39.79999923706055,18.700000762939453,11.970000267028809
20800,0.08699999749660492,4.369999885559082,6.139999866485596,4.090000152587891,5,39.79999923706055,18.700000762939453,10.270000457763672
21200,0.0560000017285347,4.369999885559082,6.230000019073486,5.010000228881836,5,39.79999923706055,18.700000762939453,12.34000015258789
20300,0.08399999886751175,4.369999885559082,5.869999885559082,4.5,5,39.79999923706055,18.700000762939453,9.100000381469727
28001,0.04100000113248825,4.260000228881836,6.730000019073486,5.400000095367432,4,28.100000381469727,19,5.289999961853027
23899,0.04500000178813934,4.260000228881836,6.619999885559082,5.400000095367432,4,28.100000381469727,19,7.21999979019165
24800,0.03700000047683716,4.260000228881836,6.300000190734863,5.400000095367432,4,28.100000381469727,19,6.71999979019165
22900,0.035999998450279236,4.260000228881836,6.170000076293945,5.400000095367432,4,28.100000381469727,19,7.510000228881836
23899,0.050999999046325684,4.489999771118164,6.389999866485596,4.78000020980835,3,24.700000762939453,18.5,9.619999885559082
26601,0.05700000002980232,4.489999771118164,6.630000114440918,4.440000057220459,3,24.700000762939453,18.5,6.53000020980835
22501,0.052000001072883606,4.489999771118164,6.010000228881836,4.429999828338623,3,24.700000762939453,18.5,12.859999656677246
22199,0.07199999690055847,4.489999771118164,6.119999885559082,3.75,3,24.700000762939453,18.5,8.4399995803833
23600,0.05700000002980232,4.889999866485596,7.010000228881836,3.4200000762939453,2,27,17.799999237060547,5.5
28701,0.05299999937415123,4.889999866485596,7.079999923706055,3.4100000858306885,2,27,17.799999237060547,5.699999809265137
22600,0.04699999839067459,4.889999866485596,6.420000076293945,3.0899999141693115,2,27,17.799999237060547,8.8100004196167
22000,0.039000000804662704,4.889999866485596,6.400000095367432,3.0899999141693115,2,27,17.799999237060547,8.199999809265137
22900,0.041999999433755875,4.639999866485596,6.440000057220459,3.6700000762939453,4,27,18.200000762939453,8.15999984741211
24999,0.028999999165534973,4.639999866485596,6.210000038146973,3.6700000762939453,4,27,18.200000762939453,6.210000038146973
20600,0.0430000014603138,4.639999866485596,6.25,3.609999895095825,4,27,18.200000762939453,10.59000015258789
28399,0.12200000137090683,4.449999809265137,6.619999885559082,3.5,2,27.600000381469727,18,6.650000095367432
21400,0.11500000208616257,4.449999809265137,6.159999847412109,3.5,2,27.600000381469727,18,11.34000015258789
38700,0.12099999934434891,4.449999809265137,8.069999694824219,3.5,2,27.600000381469727,18,4.210000038146973
43800,0.0820000022649765,4.449999809265137,7.820000171661377,3.5,2,27.600000381469727,18,3.569999933242798
33200,0.0689999982714653,4.449999809265137,7.420000076293945,3.5,2,27.600000381469727,18,6.190000057220459
27499,0.14900000393390656,5.199999809265137,6.730000019073486,2.7799999713897705,5,38.400001525878906,20.899999618530273,9.420000076293945
26500,0.11400000005960464,5.199999809265137,6.78000020980835,2.859999895095825,5,38.400001525878906,20.899999618530273,7.670000076293945
18600,0.2290000021457672,5.199999809265137,6.400000095367432,2.7100000381469727,5,38.400001525878906,20.899999618530273,10.630000114440918
19300,0.21199999749660492,5.199999809265137,6.139999866485596,2.7100000381469727,5,38.400001525878906,20.899999618530273,13.4399995803833
20100,0.14000000059604645,5.199999809265137,6.170000076293945,2.4200000762939453,5,38.400001525878906,20.899999618530273,12.329999923706055
19500,0.13300000131130219,5.199999809265137,5.849999904632568,2.109999895095825,5,38.400001525878906,20.899999618530273,16.469999313354492
19500,0.17100000381469727,5.199999809265137,5.840000152587891,2.2100000381469727,5,38.400001525878906,20.899999618530273,18.65999984741211
20400,0.13099999725818634,5.199999809265137,6.130000114440918,2.119999885559082,5,38.400001525878906,20.899999618530273,14.09000015258789
19800,0.12800000607967377,5.199999809265137,6.46999979019165,2.430000066757202,5,38.400001525878906,20.899999618530273,12.270000457763672
19400,0.2639999985694885,5.199999809265137,6.230000019073486,2.549999952316284,5,38.400001525878906,20.899999618530273,15.550000190734863
21700,0.1080000028014183,5.46999979019165,6.190000057220459,2.7799999713897705,5,38.400001525878906,20.899999618530273,13
22800,0.10100000351667404,5.46999979019165,6.710000038146973,2.680000066757202,6,43.20000076293945,17.799999237060547,10.15999984741211
18800,0.12300000339746475,5.46999979019165,5.909999847412109,2.3499999046325684,6,43.20000076293945,17.799999237060547,16.209999084472656
18700,0.22200000286102295,5.46999979019165,6.090000152587891,2.630000114440918,6,43.20000076293945,17.799999237060547,17.09000015258789
18500,0.1420000046491623,5.46999979019165,6.25,2.259999990463257,6,43.20000076293945,17.799999237060547,10.449999809265137
18300,0.17100000381469727,5.46999979019165,5.929999828338623,2.4600000381469727,6,43.20000076293945,17.799999237060547,15.760000228881836
21200,0.13199999928474426,5.46999979019165,6.179999828338623,2.7300000190734863,6,43.20000076293945,17.799999237060547,12.039999961853027
19200,0.1509999930858612,5.46999979019165,6.019999980926514,2.75,6,43.20000076293945,17.799999237060547,10.300000190734863
20400,0.13099999725818634,5.46999979019165,5.869999885559082,2.4800000190734863,6,43.20000076293945,17.799999237060547,15.369999885559082
19300,0.14499999582767487,5.809999942779541,5.730000019073486,2.759999990463257,6,43.20000076293945,17.799999237060547,13.609999656677246
22000,0.0689999982714653,5.809999942779541,5.869999885559082,2.259999990463257,2,18.799999237060547,19.100000381469727,39.06999969482422
20300,0.07199999690055847,5.809999942779541,6,2.200000047683716,2,18.799999237060547,19.100000381469727,14.270000457763672
20500,0.09300000220537186,5.809999942779541,5.960000038146973,2.0899999141693115,2,18.799999237060547,19.100000381469727,17.93000030517578
17300,0.15000000596046448,5.809999942779541,5.860000133514404,1.940000057220459,2,18.799999237060547,19.100000381469727,25.40999984741211
18800,0.09799999743700027,5.809999942779541,5.880000114440918,2.009999990463257,2,18.799999237060547,19.100000381469727,17.579999923706055
21400,0.16899999976158142,5.809999942779541,5.989999771118164,1.9900000095367432,2,18.799999237060547,19.100000381469727,14.8100004196167
15700,0.3869999945163727,6.239999771118164,5.610000133514404,1.7599999904632568,2,18.799999237060547,19.100000381469727,27.260000228881836
16200,0.2590000033378601,6.239999771118164,5.690000057220459,1.7899999618530273,4,43.70000076293945,21.200000762939453,17.190000534057617
18000,0.32499998807907104,6.239999771118164,6.429999828338623,1.809999942779541,4,43.70000076293945,21.200000762939453,15.390000343322754
14300,0.8809999823570251,6.239999771118164,5.639999866485596,1.9800000190734863,4,43.70000076293945,21.200000762939453,18.34000015258789
19200,0.3400000035762787,6.239999771118164,6.460000038146973,2.119999885559082,4,43.70000076293945,21.200000762939453,12.600000381469727
19600,1.1929999589920044,6.239999771118164,6.329999923706055,2.2699999809265137,4,43.70000076293945,21.200000762939453,12.260000228881836
23001,0.5899999737739563,6.239999771118164,6.369999885559082,2.3299999237060547,4,43.70000076293945,21.200000762939453,11.119999885559082
18400,0.33000001311302185,6.239999771118164,5.820000171661377,2.4700000286102295,4,43.70000076293945,21.200000762939453,15.029999732971191
15600,0.9760000109672546,6.239999771118164,5.760000228881836,2.3499999046325684,4,43.70000076293945,21.200000762939453,17.309999465942383
18100,0.5580000281333923,6.239999771118164,6.329999923706055,2.109999895095825,4,43.70000076293945,21.200000762939453,16.959999084472656
17400,0.3230000138282776,6.239999771118164,5.940000057220459,1.9700000286102295,4,43.70000076293945,21.200000762939453,16.899999618530273
17100,0.35199999809265137,6.239999771118164,6.449999809265137,1.850000023841858,4,43.70000076293945,21.200000762939453,14.59000015258789
13300,0.25,6.239999771118164,5.860000133514404,1.6699999570846558,4,43.70000076293945,21.200000762939453,21.31999969482422
17800,0.5450000166893005,6.239999771118164,6.150000095367432,1.6699999570846558,4,43.70000076293945,21.200000762939453,18.459999084472656
14000,0.29100000858306885,6.239999771118164,6.170000076293945,1.6100000143051147,4,43.70000076293945,21.200000762939453,24.15999984741211
14400,1.628999948501587,6.239999771118164,5.019999980926514,1.440000057220459,4,43.70000076293945,21.200000762939453,34.40999984741211
13400,3.321000099182129,8.710000038146973,5.400000095367432,1.3200000524520874,5,40.29999923706055,14.699999809265137,26.81999969482422
15600,4.0970001220703125,8.710000038146973,5.46999979019165,1.409999966621399,5,40.29999923706055,14.699999809265137,26.420000076293945
11800,2.7799999713897705,8.710000038146973,4.900000095367432,1.350000023841858,5,40.29999923706055,14.699999809265137,29.290000915527344
13800,2.378999948501587,8.710000038146973,6.130000114440918,1.4199999570846558,5,40.29999923706055,14.699999809265137,27.799999237060547
15600,2.1549999713897705,8.710000038146973,5.630000114440918,1.5199999809265137,5,40.29999923706055,14.699999809265137,16.649999618530273
14600,2.36899995803833,8.710000038146973,4.929999828338623,1.4600000381469727,5,40.29999923706055,14.699999809265137,29.530000686645508
17794,2.3310000896453857,8.710000038146973,5.190000057220459,1.5299999713897705,5,40.29999923706055,14.699999809265137,28.31999969482422
15400,2.7339999675750732,8.710000038146973,5.599999904632568,1.5299999713897705,5,40.29999923706055,14.699999809265137,21.450000762939453
21500,1.656999945640564,8.710000038146973,6.119999885559082,1.6200000047683716,5,40.29999923706055,14.699999809265137,14.100000381469727
19600,1.496000051498413,8.710000038146973,5.400000095367432,1.590000033378601,5,40.29999923706055,14.699999809265137,13.279999732971191
15300,1.1269999742507935,8.710000038146973,5.010000228881836,1.6100000143051147,5,40.29999923706055,14.699999809265137,12.119999885559082
19400,3.1489999294281006,8.710000038146973,5.710000038146973,1.6200000047683716,5,40.29999923706055,14.699999809265137,15.789999961853027
17000,1.4140000343322754,8.710000038146973,6.130000114440918,1.75,5,40.29999923706055,14.699999809265137,15.119999885559082
15600,3.5350000858306885,8.710000038146973,6.150000095367432,1.75,5,40.29999923706055,14.699999809265137,15.020000457763672
13100,2.447000026702881,8.710000038146973,5.269999980926514,1.7400000095367432,5,40.29999923706055,14.699999809265137,16.139999389648438
41299,1.2239999771118164,6.050000190734863,6.940000057220459,1.8799999952316284,5,40.29999923706055,14.699999809265137,4.590000152587891
24299,1.343000054359436,6.050000190734863,6.070000171661377,1.7599999904632568,5,40.29999923706055,14.699999809265137,6.429999828338623
23300,1.4249999523162842,8.710000038146973,6.510000228881836,1.7699999809265137,5,40.29999923706055,14.699999809265137,7.389999866485596
27000,1.2730000019073486,6.050000190734863,6.25,1.7999999523162842,5,40.29999923706055,14.699999809265137,5.5
50001,1.4630000591278076,6.050000190734863,7.489999771118164,1.9700000286102295,5,40.29999923706055,14.699999809265137,1.7300000190734863
50001,1.8339999914169312,6.050000190734863,7.800000190734863,2.0399999618530273,5,40.29999923706055,14.699999809265137,1.9199999570846558
50001,1.5190000534057617,6.050000190734863,8.369999885559082,2.1600000858306885,5,40.29999923706055,14.699999809265137,3.319999933242798
22700,2.242000102996826,6.050000190734863,5.849999904632568,2.4200000762939453,5,40.29999923706055,14.699999809265137,11.640000343322754
24999,2.9240000247955322,6.050000190734863,6.099999904632568,2.2799999713897705,5,40.29999923706055,14.699999809265137,9.8100004196167
50001,2.009999990463257,6.050000190734863,7.929999828338623,2.049999952316284,5,40.29999923706055,14.699999809265137,3.700000047683716
23799,1.7999999523162842,6.050000190734863,5.880000114440918,2.430000066757202,5,40.29999923706055,14.699999809265137,12.140000343322754
23799,2.299999952316284,6.050000190734863,6.320000171661377,2.0999999046325684,5,40.29999923706055,14.699999809265137,11.09000015258789
22299,2.450000047683716,6.050000190734863,6.400000095367432,2.259999990463257,5,40.29999923706055,14.699999809265137,11.319999694824219
17400,1.2070000171661377,6.050000190734863,5.869999885559082,2.430000066757202,5,40.29999923706055,14.699999809265137,14.430000305175781
19100,2.313999891281128,6.050000190734863,5.880000114440918,2.390000104904175,5,40.29999923706055,14.699999809265137,12.029999732971191
23100,0.13899999856948853,5.099999904632568,5.570000171661377,2.5999999046325684,5,29.600000381469727,16.600000381469727,14.6899995803833
23600,0.09200000017881393,5.099999904632568,6.420000076293945,2.6500000953674316,5,29.600000381469727,16.600000381469727,9.039999961853027
22600,0.08399999886751175,5.099999904632568,5.860000133514404,2.700000047683716,5,29.600000381469727,16.600000381469727,9.640000343322754
29401,0.06700000166893005,5.099999904632568,6.550000190734863,3.130000114440918,5,29.600000381469727,16.600000381469727,5.329999923706055
23200,0.07000000029802322,5.099999904632568,6.019999980926514,3.549999952316284,5,29.600000381469727,16.600000381469727,10.109999656677246
24600,0.05400000140070915,5.099999904632568,6.309999942779541,3.299999952316284,5,29.600000381469727,16.600000381469727,6.289999961853027
29900,0.06599999964237213,5.099999904632568,6.860000133514404,2.9100000858306885,5,29.600000381469727,16.600000381469727,6.920000076293945
37201,0.057999998331069946,4.880000114440918,6.980000019073486,2.8299999237060547,3,19.299999237060547,17.799999237060547,5.039999961853027
39799,0.06599999964237213,4.880000114440918,7.760000228881836,2.740000009536743,3,19.299999237060547,17.799999237060547,7.559999942779541
36199,0.0689999982714653,4.880000114440918,6.139999866485596,2.5999999046325684,3,19.299999237060547,17.799999237060547,9.449999809265137
37900,0.09099999815225601,4.880000114440918,7.150000095367432,2.700000047683716,3,19.299999237060547,17.799999237060547,4.820000171661377
32500,0.10000000149011612,4.880000114440918,6.559999942779541,2.8499999046325684,3,19.299999237060547,17.799999237060547,5.679999828338623
26399,0.08299999684095383,4.880000114440918,5.599999904632568,2.990000009536743,3,19.299999237060547,17.799999237060547,13.979999542236328
29599,0.05999999865889549,4.880000114440918,6.150000095367432,3.2799999713897705,3,19.299999237060547,17.799999237060547,13.149999618530273
50001,0.0560000017285347,4.880000114440918,7.829999923706055,3.200000047683716,3,19.299999237060547,17.799999237060547,4.449999809265137
32000,0.07900000363588333,4.369999885559082,6.78000020980835,3.7899999618530273,5,39.79999923706055,15.199999809265137,6.679999828338623
29801,0.12600000202655792,4.369999885559082,6.559999942779541,4.570000171661377,5,39.79999923706055,15.199999809265137,4.559999942779541
34899,0.08399999886751175,4.369999885559082,7.179999828338623,4.570000171661377,5,39.79999923706055,15.199999809265137,5.389999866485596
37001,0.09099999815225601,4.369999885559082,6.949999809265137,6.480000019073486,5,39.79999923706055,15.199999809265137,5.099999904632568
30501,0.0689999982714653,4.369999885559082,6.739999771118164,6.480000019073486,5,39.79999923706055,15.199999809265137,4.690000057220459
36399,0.08699999749660492,4.369999885559082,7.179999828338623,6.480000019073486,5,39.79999923706055,15.199999809265137,2.869999885559082
31101,0.02199999988079071,4.010000228881836,6.800000190734863,6.21999979019165,1,26.5,15.600000381469727,5.03000020980835
29100,0.014000000432133675,4.010000228881836,6.599999904632568,6.21999979019165,1,26.5,15.600000381469727,4.380000114440918
50001,0.014000000432133675,4.21999979019165,7.869999885559082,5.650000095367432,4,25.5,14.399999618530273,2.9700000286102295
33300,0.03999999910593033,4.039999961853027,7.289999961853027,7.309999942779541,2,32.900001525878906,12.600000381469727,4.079999923706055
30300,0.04699999839067459,4.039999961853027,7.110000133514404,7.309999942779541,2,32.900001525878906,12.600000381469727,8.609999656677246
34600,0.03799999877810478,4.039999961853027,7.269999980926514,7.309999942779541,2,32.900001525878906,12.600000381469727,6.619999885559082
34899,0.03200000151991844,4.03000020980835,6.96999979019165,7.650000095367432,3,40.20000076293945,17,4.559999942779541
32899,0.017999999225139618,4.03000020980835,7.130000114440918,7.650000095367432,3,40.20000076293945,17,4.449999809265137
24101,0.03400000184774399,4.150000095367432,6.159999847412109,6.269999980926514,2,34.79999923706055,14.699999809265137,7.429999828338623
42302,0.02199999988079071,4.150000095367432,7.610000133514404,6.269999980926514,2,34.79999923706055,14.699999809265137,3.109999895095825
48499,0.03500000014901161,4.159999847412109,7.849999904632568,5.119999885559082,4,22.399999618530273,14.699999809265137,3.809999942779541
50001,0.019999999552965164,4.159999847412109,8.029999732971191,5.119999885559082,4,22.399999618530273,14.699999809265137,2.880000114440918
22600,0.13600000739097595,4.889999866485596,5.889999866485596,3.950000047683716,4,27.700000762939453,18.600000381469727,10.869999885559082
24399,0.23000000417232513,4.889999866485596,6.329999923706055,4.349999904632568,4,27.700000762939453,18.600000381469727,10.970000267028809
22501,0.25200000405311584,4.889999866485596,5.78000020980835,4.349999904632568,4,27.700000762939453,18.600000381469727,18.059999465942383
24399,0.13600000739097595,4.889999866485596,6.059999942779541,4.239999771118164,4,27.700000762939453,18.600000381469727,14.65999984741211
20000,0.4359999895095825,4.889999866485596,5.340000152587891,3.869999885559082,4,27.700000762939453,18.600000381469727,23.09000015258789
21700,0.17399999499320984,4.889999866485596,5.960000038146973,3.880000114440918,4,27.700000762939453,18.600000381469727,17.270000457763672
19300,0.37599998712539673,4.889999866485596,5.400000095367432,3.6700000762939453,4,27.700000762939453,18.600000381469727,23.979999542236328
22400,0.21699999272823334,4.889999866485596,5.809999942779541,3.6500000953674316,4,27.700000762939453,18.600000381469727,16.030000686645508
28099,0.14100000262260437,4.889999866485596,6.369999885559082,3.950000047683716,4,27.700000762939453,18.600000381469727,9.380000114440918
23699,0.28999999165534973,4.889999866485596,5.409999847412109,3.5899999141693115,4,27.700000762939453,18.600000381469727,29.549999237060547
24999,0.1979999989271164,4.889999866485596,6.179999828338623,3.950000047683716,4,27.700000762939453,18.600000381469727,9.470000267028809
23300,0.04600000008940697,5.5,5.889999866485596,3.109999895095825,5,27.600000381469727,16.399999618530273,13.510000228881836
28701,0.07000000029802322,5.5,6.639999866485596,3.4200000762939453,5,27.600000381469727,16.399999618530273,9.6899995803833
21500,0.11100000143051147,5.5,5.949999809265137,2.890000104904175,5,27.600000381469727,16.399999618530273,17.920000076293945
23001,0.11400000005960464,5.5,6.369999885559082,3.359999895095825,5,27.600000381469727,16.399999618530273,10.5
26699,0.3580000102519989,5.070000171661377,6.949999809265137,2.859999895095825,8,30.700000762939453,16.399999618530273,9.710000038146973
21700,0.40799999237060547,5.070000171661377,6.159999847412109,3.049999952316284,8,30.700000762939453,17.399999618530273,21.459999084472656
27499,0.6240000128746033,5.070000171661377,6.880000114440918,3.2699999809265137,8,30.700000762939453,17.399999618530273,9.930000305175781
30101,0.6150000095367432,5.070000171661377,6.619999885559082,3.2699999809265137,8,30.700000762939453,17.399999618530273,7.599999904632568
44802,0.3149999976158142,5.039999961853027,8.270000457763672,2.890000104904175,8,30.700000762939453,17.399999618530273,4.139999866485596
50001,0.5230000019073486,5.039999961853027,8.720000267028809,2.890000104904175,8,30.700000762939453,17.399999618530273,4.920000076293945
37602,0.38199999928474426,5.039999961853027,8.039999961853027,3.2200000286102295,8,30.700000762939453,17.399999618530273,3.130000114440918
31600,0.41200000047683716,5.039999961853027,7.159999847412109,3.2200000286102295,8,30.700000762939453,17.399999618530273,6.360000133514404
46700,0.2980000078678131,5.039999961853027,7.690000057220459,3.380000114440918,8,30.700000762939453,17.399999618530273,3.9200000762939453
31499,0.44200000166893005,5.039999961853027,6.550000190734863,3.380000114440918,8,30.700000762939453,17.399999618530273,3.759999990463257
24299,0.5370000004768372,5.039999961853027,5.980000019073486,3.6700000762939453,8,30.700000762939453,17.399999618530273,11.649999618530273
31701,0.46299999952316284,5.039999961853027,7.409999847412109,3.6700000762939453,8,30.700000762939453,17.399999618530273,5.25
41702,0.574999988079071,5.070000171661377,8.34000015258789,3.8399999141693115,8,30.700000762939453,17.399999618530273,2.4700000286102295
48301,0.3310000002384186,5.070000171661377,8.25,3.6500000953674316,8,30.700000762939453,17.399999618530273,3.950000047683716
29001,0.4480000138282776,5.070000171661377,6.730000019073486,3.6500000953674316,8,30.700000762939453,17.399999618530273,8.050000190734863
24000,0.33000001311302185,5.070000171661377,6.090000152587891,3.6500000953674316,8,30.700000762939453,17.399999618530273,10.880000114440918
25099,0.5210000276565552,5.070000171661377,6.630000114440918,4.150000095367432,8,30.700000762939453,17.399999618530273,9.539999961853027
31499,0.5120000243186951,5.070000171661377,7.360000133514404,4.150000095367432,8,30.700000762939453,17.399999618530273,4.730000019073486
23699,0.0820000022649765,4.28000020980835,6.480000019073486,6.190000057220459,6,30,16.600000381469727,6.360000133514404
23300,0.09300000220537186,4.28000020980835,6.610000133514404,6.190000057220459,6,30,16.600000381469727,7.369999885559082
22000,0.11299999803304672,4.28000020980835,6.900000095367432,6.340000152587891,6,30,16.600000381469727,11.380000114440918
20100,0.10599999874830246,4.28000020980835,6.090000152587891,6.340000152587891,6,30,16.600000381469727,12.399999618530273
22199,0.10300000011920929,4.28000020980835,6.360000133514404,7.039999961853027,6,30,16.600000381469727,11.220000267028809
23699,0.12600000202655792,4.28000020980835,6.389999866485596,7.039999961853027,6,30,16.600000381469727,5.190000057220459
17600,0.20600000023841858,4.309999942779541,5.590000152587891,7.949999809265137,7,33,19.100000381469727,12.5
18500,0.19099999964237213,4.309999942779541,5.599999904632568,7.949999809265137,7,33,19.100000381469727,18.459999084472656
24299,0.3400000035762787,4.309999942779541,6.110000133514404,8.0600004196167,7,33,19.100000381469727,9.15999984741211
20500,0.19699999690055847,4.309999942779541,6.230000019073486,8.0600004196167,7,33,19.100000381469727,10.149999618530273
24499,0.164000004529953,4.309999942779541,6.429999828338623,7.829999923706055,7,33,19.100000381469727,9.520000457763672
26200,0.19099999964237213,4.309999942779541,6.71999979019165,7.829999923706055,7,33,19.100000381469727,6.559999942779541
24399,0.14000000059604645,4.309999942779541,6.489999771118164,7.400000095367432,7,33,19.100000381469727,5.900000095367432
24800,0.21400000154972076,4.309999942779541,6.440000057220459,7.400000095367432,7,33,19.100000381469727,3.5899999141693115
29599,0.0820000022649765,4.309999942779541,6.960000038146973,8.90999984741211,7,33,19.100000381469727,3.5299999713897705
42800,0.36899998784065247,4.309999942779541,8.260000228881836,8.90999984741211,7,33,19.100000381469727,3.5399999618530273
21900,0.04800000041723251,3.9200000762939453,6.110000133514404,9.220000267028809,1,31.5,16.399999618530273,6.570000171661377
20900,0.03500000014901161,3.9200000762939453,5.880000114440918,9.220000267028809,1,31.5,16.399999618530273,9.25
43998,0.014999999664723873,3.940000057220459,7.449999809265137,6.340000152587891,3,24.399999618530273,15.899999618530273,3.109999895095825
50001,0.6119999885559082,6.46999979019165,8.699999809265137,1.7999999523162842,5,26.399999618530273,13,5.119999885559082
36001,0.6639999747276306,6.46999979019165,7.329999923706055,1.8899999856948853,5,26.399999618530273,13,7.789999961853027
30101,0.6570000052452087,6.46999979019165,6.840000152587891,2.009999990463257,5,26.399999618530273,13,6.900000095367432
33799,0.5400000214576721,6.46999979019165,7.199999809265137,2.109999895095825,5,26.399999618530273,13,9.59000015258789
43101,0.5339999794960022,6.46999979019165,7.519999980926514,2.140000104904175,5,26.399999618530273,13,7.260000228881836
48801,0.5199999809265137,6.46999979019165,8.399999618530273,2.2899999618530273,5,26.399999618530273,13,5.909999847412109
30999,0.824999988079071,6.46999979019165,7.329999923706055,2.0799999237060547,5,26.399999618530273,13,11.25
36501,0.550000011920929,6.46999979019165,7.210000038146973,1.9299999475479126,5,26.399999618530273,13,8.100000381469727
22800,0.7620000243186951,6.46999979019165,5.559999942779541,1.9900000095367432,5,26.399999618530273,13,10.449999809265137
30699,0.7860000133514404,6.46999979019165,7.010000228881836,2.130000114440918,5,26.399999618530273,13,14.789999961853027
50001,0.578000009059906,5.75,8.300000190734863,2.4200000762939453,5,26.399999618530273,13,7.440000057220459
43499,0.5400000214576721,5.75,7.46999979019165,2.869999885559082,5,26.399999618530273,13,3.1600000858306885
20700,0.09099999815225601,4.639999866485596,5.920000076293945,3.9200000762939453,3,22.299999237060547,18.600000381469727,13.649999618530273
21100,0.29899999499320984,4.639999866485596,5.860000133514404,4.429999828338623,3,22.299999237060547,18.600000381469727,13
25200,0.16200000047683716,4.639999866485596,6.239999771118164,4.429999828338623,3,22.299999237060547,18.600000381469727,6.590000152587891
24399,0.11500000208616257,4.639999866485596,6.539999961853027,3.9200000762939453,3,22.299999237060547,18.600000381469727,7.730000019073486
35200,0.22200000286102295,4.639999866485596,7.690000057220459,4.369999885559082,3,22.299999237060547,18.600000381469727,6.579999923706055
32400,0.0560000017285347,4.46999979019165,6.760000228881836,4.079999923706055,4,25.399999618530273,17.600000381469727,3.5299999713897705
32000,0.09600000083446503,4.46999979019165,6.849999904632568,4.269999980926514,4,25.399999618530273,17.600000381469727,2.9800000190734863
33200,0.10499999672174454,4.46999979019165,7.269999980926514,4.789999961853027,4,25.399999618530273,17.600000381469727,6.050000190734863
33100,0.061000000685453415,4.46999979019165,6.829999923706055,4.860000133514404,4,25.399999618530273,17.600000381469727,4.159999847412109
29100,0.07999999821186066,4.46999979019165,6.480000019073486,4.139999866485596,4,25.399999618530273,17.600000381469727,7.190000057220459
35102,0.20999999344348907,4.429999828338623,6.809999942779541,4.099999904632568,5,21.600000381469727,14.899999618530273,4.849999904632568
45401,0.035999998450279236,4.429999828338623,7.820000171661377,4.690000057220459,5,21.600000381469727,14.899999618530273,3.759999990463257
35401,0.03700000047683716,4.429999828338623,6.96999979019165,5.239999771118164,5,21.600000381469727,14.899999618530273,4.590000152587891
46000,0.061000000685453415,4.429999828338623,7.639999866485596,5.210000038146973,5,21.600000381469727,14.899999618530273,3.009999990463257
50001,0.014999999664723873,4.010000228881836,7.920000076293945,5.889999866485596,1,19.799999237060547,13.600000381469727,3.1600000858306885
32199,0.008999999612569809,4,7.090000152587891,7.309999942779541,1,28.5,15.300000190734863,7.849999904632568
22000,0.010999999940395355,3.890000104904175,6.449999809265137,7.309999942779541,1,30,15.300000190734863,8.229999542236328
20100,0.019999999552965164,3.8499999046325684,6.230000019073486,9.09000015258789,1,24.100000381469727,18.200000762939453,12.930000305175781
23200,0.039000000804662704,4.050000190734863,6.210000038146973,7.320000171661377,6,29.299999237060547,16.600000381469727,7.139999866485596
22299,0.04600000008940697,4.050000190734863,6.309999942779541,7.320000171661377,6,29.299999237060547,16.600000381469727,7.599999904632568
24800,0.0430000014603138,4.050000190734863,6.559999942779541,7.320000171661377,6,29.299999237060547,16.600000381469727,9.510000228881836
28501,0.03500000014901161,4.110000133514404,6.860000133514404,5.119999885559082,4,24.5,19.200000762939453,3.3299999237060547
37298,0.07900000363588333,4.110000133514404,7.150000095367432,5.119999885559082,4,24.5,19.200000762939453,3.559999942779541
27901,0.035999998450279236,4.110000133514404,6.630000114440918,5.119999885559082,4,24.5,19.200000762939453,4.699999809265137
23899,0.08299999684095383,4.369999885559082,6.130000114440918,5.5,4,28.899999618530273,16,8.579999923706055
21700,0.0820000022649765,4.369999885559082,6.010000228881836,5.5,4,28.899999618530273,16,10.399999618530273
28601,0.1289999932050705,4.369999885559082,6.679999828338623,5.960000038146973,4,28.899999618530273,16,6.269999980926514
27100,0.05400000140070915,4.369999885559082,6.550000190734863,5.960000038146973,4,28.899999618530273,16,7.389999866485596
20300,0.14100000262260437,4.369999885559082,5.789999961853027,6.320000171661377,4,28.899999618530273,16,15.84000015258789
22501,0.06499999761581421,4,6.340000152587891,7.829999923706055,5,35.79999923706055,14.800000190734863,4.96999979019165
29001,0.0560000017285347,4,7.039999961853027,7.829999923706055,5,35.79999923706055,14.800000190734863,4.739999771118164
24800,0.04399999976158142,4,6.869999885559082,7.829999923706055,5,35.79999923706055,14.800000190734863,6.070000171661377
22000,0.03500000014901161,4.329999923706055,6.590000152587891,5.489999771118164,7,32.900001525878906,16.100000381469727,9.5
26399,0.09300000220537186,4.329999923706055,6.489999771118164,5.489999771118164,7,32.900001525878906,16.100000381469727,8.670000076293945
33100,0.10000000149011612,4.71999979019165,6.980000019073486,5.489999771118164,7,32.900001525878906,16.100000381469727,4.860000133514404
36098,0.054999999701976776,4.71999979019165,7.239999771118164,4.019999980926514,7,22.200000762939453,18.399999618530273,6.929999828338623
28399,0.054999999701976776,4.71999979019165,6.619999885559082,3.369999885559082,7,22.200000762939453,18.399999618530273,8.930000305175781
33400,0.07500000298023224,4.71999979019165,7.420000076293945,3.0999999046325684,7,22.200000762939453,18.399999618530273,6.46999979019165
28201,0.04899999871850014,4.71999979019165,6.849999904632568,3.180000066757202,7,22.200000762939453,18.399999618530273,7.53000020980835
22800,0.49300000071525574,5.440000057220459,6.630000114440918,3.319999933242798,4,30.399999618530273,18.399999618530273,4.539999961853027
20300,0.3490000069141388,5.440000057220459,5.96999979019165,3.0999999046325684,4,30.399999618530273,18.399999618530273,9.970000267028809
16100,2.634999990463257,5.440000057220459,4.96999979019165,2.5199999809265137,4,30.399999618530273,18.399999618530273,12.640000343322754
22099,0.7900000214576721,5.440000057220459,6.119999885559082,2.640000104904175,4,30.399999618530273,18.399999618530273,5.980000019073486
19400,0.2619999945163727,5.440000057220459,6.019999980926514,2.8299999237060547,4,30.399999618530273,18.399999618530273,11.720000267028809
21600,0.26899999380111694,5.440000057220459,6.269999980926514,3.259999990463257,4,30.399999618530273,18.399999618530273,7.900000095367432
23799,0.36899998784065247,5.440000057220459,6.570000171661377,3.5999999046325684,4,30.399999618530273,18.399999618530273,9.279999732971191
16200,0.2540000081062317,5.440000057220459,5.699999809265137,3.950000047683716,4,30.399999618530273,18.399999618530273,11.5
17800,0.3179999887943268,5.440000057220459,5.909999847412109,4,4,30.399999618530273,18.399999618530273,18.329999923706055
19800,0.24500000476837158,5.440000057220459,5.78000020980835,4.03000020980835,4,30.399999618530273,18.399999618530273,15.9399995803833
23100,0.4020000100135803,5.440000057220459,6.380000114440918,3.5299999713897705,4,30.399999618530273,18.399999618530273,10.359999656677246
21000,0.4749999940395355,5.440000057220459,6.110000133514404,4,4,30.399999618530273,18.399999618530273,12.729999542236328
23799,0.1679999977350235,4.929999828338623,6.429999828338623,4.539999961853027,5,28.700000762939453,19.600000381469727,7.199999809265137
23100,0.18199999630451202,4.929999828338623,6.380000114440918,4.539999961853027,5,28.700000762939453,19.600000381469727,6.869999885559082
20400,0.35100001096725464,4.929999828338623,6.039999961853027,4.71999979019165,5,28.700000762939453,19.600000381469727,7.699999809265137
18500,0.2840000092983246,4.929999828338623,5.710000038146973,4.71999979019165,5,28.700000762939453,19.600000381469727,11.739999771118164
24999,0.3409999907016754,4.929999828338623,6.409999847412109,4.71999979019165,5,28.700000762939453,19.600000381469727,6.119999885559082
24600,0.19200000166893005,4.929999828338623,6.429999828338623,5.420000076293945,5,28.700000762939453,19.600000381469727,5.079999923706055
23001,0.30300000309944153,4.929999828338623,6.309999942779541,5.420000076293945,5,28.700000762939453,19.600000381469727,6.150000095367432
22199,0.2409999966621399,4.929999828338623,6.079999923706055,5.420000076293945,5,28.700000762939453,19.600000381469727,12.789999961853027
19300,0.06599999964237213,4.599999904632568,5.869999885559082,5.210000038146973,4,43,16.899999618530273,9.970000267028809
22600,0.06700000166893005,4.599999904632568,6.329999923706055,5.210000038146973,4,43,16.899999618530273,7.340000152587891
19800,0.04500000178813934,4.599999904632568,6.139999866485596,5.869999885559082,4,43,16.899999618530273,9.09000015258789
17100,0.05000000074505806,4.380000114440918,5.710000038146973,6.639999866485596,1,30.399999618530273,16.899999618530273,12.430000305175781
19400,0.03500000014901161,4.380000114440918,6.03000020980835,7.269999980926514,1,30.399999618530273,16.899999618530273,7.829999923706055
22199,0.050999999046325684,5.150000095367432,6.320000171661377,6.460000038146973,5,22.399999618530273,20.200000762939453,5.679999828338623
20700,0.03700000047683716,5.150000095367432,6.309999942779541,6.460000038146973,5,22.399999618530273,20.200000762939453,6.75
21100,0.03999999910593033,5.150000095367432,6.039999961853027,5.989999771118164,5,22.399999618530273,20.200000762939453,8.010000228881836
19500,0.03400000184774399,5.150000095367432,5.869999885559082,5.230000019073486,5,22.399999618530273,20.200000762939453,9.800000190734863
18500,0.029999999329447746,5.150000095367432,5.889999866485596,5.610000133514404,5,22.399999618530273,20.200000762939453,10.5600004196167
20548,0.032999999821186066,5.150000095367432,6.059999942779541,4.809999942779541,5,22.399999618530273,20.200000762939453,8.510000228881836
19000,0.054999999701976776,5.150000095367432,5.980000019073486,4.809999942779541,5,22.399999618530273,20.200000762939453,9.739999771118164
18700,0.06199999898672104,5.150000095367432,5.96999979019165,4.809999942779541,5,22.399999618530273,20.200000762939453,9.289999961853027
32778,0.013000000268220901,4.420000076293945,7.239999771118164,7.039999961853027,1,28.399999618530273,15.5,5.489999771118164
16500,0.02500000037252903,5.179999828338623,6.539999961853027,6.269999980926514,1,42.20000076293945,15.899999618530273,8.649999618530273
23899,0.02500000037252903,4.840000152587891,6.699999809265137,5.730000019073486,5,37,17.600000381469727,7.179999828338623
31201,0.029999999329447746,4.840000152587891,6.869999885559082,6.46999979019165,5,37,17.600000381469727,4.610000133514404
17500,0.03099999949336052,4.420000076293945,6.010000228881836,8.010000228881836,3,35.20000076293945,18.799999237060547,10.529999732971191
17200,0.06199999898672104,4.420000076293945,5.900000095367432,8.010000228881836,3,35.20000076293945,18.799999237060547,12.670000076293945
23100,0.01899999938905239,4.289999961853027,6.519999980926514,8.539999961853027,4,35.099998474121094,17.899999618530273,6.360000133514404
24499,0.014999999664723873,4.349999904632568,6.630000114440918,8.34000015258789,4,28,17,5.989999771118164
26601,0.028999999165534973,4.289999961853027,6.940000057220459,8.789999961853027,1,33.5,19.700000762939453,5.889999866485596
22900,0.06199999898672104,4.289999961853027,6.489999771118164,8.789999961853027,1,33.5,19.700000762939453,5.980000019073486
24101,0.07900000363588333,4.110000133514404,6.579999923706055,10.710000038146973,4,41.099998474121094,18.299999237060547,5.489999771118164
18600,0.07199999690055847,4.110000133514404,5.880000114440918,10.710000038146973,4,41.099998474121094,18.299999237060547,7.789999961853027
30101,0.017000000923871994,4.099999904632568,6.730000019073486,12.130000114440918,5,18.700000762939453,17,4.5
18200,0.0430000014603138,4.130000114440918,5.659999847412109,10.59000015258789,4,33.400001525878906,22,8.050000190734863
20600,0.10700000077486038,4.130000114440918,5.940000057220459,10.59000015258789,4,33.400001525878906,22,5.570000171661377
17794,8.982999801635742,7.699999809265137,6.210000038146973,2.119999885559082,24,66.5999984741211,20.200000762939453,17.600000381469727
21700,3.8499999046325684,7.699999809265137,6.389999866485596,2.509999990463257,24,66.5999984741211,20.200000762939453,13.270000457763672
22700,5.202000141143799,7.699999809265137,6.130000114440918,2.7200000286102295,24,66.5999984741211,20.200000762939453,11.479999542236328
22600,4.261000156402588,7.699999809265137,6.110000133514404,2.509999990463257,24,66.5999984741211,20.200000762939453,12.670000076293945
24999,4.541999816894531,7.699999809265137,6.400000095367432,2.5199999809265137,24,66.5999984741211,20.200000762939453,7.789999961853027
19900,3.8369998931884766,7.699999809265137,6.25,2.299999952316284,24,66.5999984741211,20.200000762939453,14.1899995803833
20800,3.677999973297119,7.699999809265137,5.360000133514404,2.0999999046325684,24,66.5999984741211,20.200000762939453,10.1899995803833
16800,4.2220001220703125,7.699999809265137,5.800000190734863,1.899999976158142,24,66.5999984741211,20.200000762939453,14.640000343322754
21900,3.4739999771118164,7.179999828338623,8.779999732971191,1.899999976158142,24,66.5999984741211,20.200000762939453,5.289999961853027
27499,4.556000232696533,7.179999828338623,3.559999942779541,1.6100000143051147,24,66.5999984741211,20.200000762939453,7.119999885559082
21900,3.697000026702881,7.179999828338623,4.960000038146973,1.75,24,66.5999984741211,20.200000762939453,14
23100,13.522000312805176,6.309999942779541,3.859999895095825,1.5099999904632568,24,66.5999984741211,20.200000762939453,13.329999923706055
50001,4.8979997634887695,6.309999942779541,4.96999979019165,1.3300000429153442,24,66.5999984741211,20.200000762939453,3.259999990463257
50001,5.670000076293945,6.309999942779541,6.679999828338623,1.3600000143051147,24,66.5999984741211,20.200000762939453,3.7300000190734863
50001,6.539000034332275,6.309999942779541,7.019999980926514,1.2000000476837158,24,66.5999984741211,20.200000762939453,2.9600000381469727
50001,9.232000350952148,6.309999942779541,6.21999979019165,1.1699999570846558,24,66.5999984741211,20.200000762939453,9.529999732971191
50001,8.267000198364258,6.679999828338623,5.869999885559082,1.1299999952316284,24,66.5999984741211,20.200000762939453,8.880000114440918
13800,11.107999801635742,6.679999828338623,4.909999847412109,1.1699999570846558,24,66.5999984741211,20.200000762939453,34.77000045776367
13800,18.49799919128418,6.679999828338623,4.139999866485596,1.1399999856948853,24,66.5999984741211,20.200000762939453,37.970001220703125
15000,19.608999252319336,6.710000038146973,7.309999942779541,1.3200000524520874,24,66.5999984741211,20.200000762939453,13.4399995803833
13900,15.288000106811523,6.710000038146973,6.650000095367432,1.340000033378601,24,66.5999984741211,20.200000762939453,23.239999771118164
13300,9.822999954223633,6.710000038146973,6.789999961853027,1.3600000143051147,24,66.5999984741211,20.200000762939453,21.239999771118164
13100,23.648000717163086,6.710000038146973,6.380000114440918,1.3899999856948853,24,66.5999984741211,20.200000762939453,23.690000534057617
10200,17.867000579833984,6.710000038146973,6.21999979019165,1.3899999856948853,24,66.5999984741211,20.200000762939453,21.780000686645508
10400,88.97599792480469,6.710000038146973,6.96999979019165,1.4199999570846558,24,66.5999984741211,20.200000762939453,17.209999084472656
10900,15.87399959564209,6.710000038146973,6.539999961853027,1.5199999809265137,24,66.5999984741211,20.200000762939453,21.079999923706055
11300,9.187000274658203,7,5.539999961853027,1.5800000429153442,24,66.5999984741211,20.200000762939453,23.600000381469727
12300,7.992000102996826,7,5.519999980926514,1.5299999713897705,24,66.5999984741211,20.200000762939453,24.559999465942383
8800,20.084999084472656,7,4.369999885559082,1.440000057220459,24,66.5999984741211,20.200000762939453,30.6299991607666
7200,16.812000274658203,7,5.28000020980835,1.4299999475479126,24,66.5999984741211,20.200000762939453,30.809999465942383
10500,24.393999099731445,7,4.650000095367432,1.4700000286102295,24,66.5999984741211,20.200000762939453,28.280000686645508
7400,22.597000122070313,7,5,1.5199999809265137,24,66.5999984741211,20.200000762939453,31.989999771118164
10200,14.333999633789063,7,4.880000114440918,1.590000033378601,24,66.5999984741211,20.200000762939453,30.6200008392334
11500,8.152000427246094,7,5.389999866485596,1.7300000190734863,24,66.5999984741211,20.200000762939453,20.850000381469727
15100,6.961999893188477,7,5.710000038146973,1.9299999475479126,24,66.5999984741211,20.200000762939453,17.110000610351563
23200,5.293000221252441,7,6.050000190734863,2.1700000762939453,24,66.5999984741211,20.200000762939453,18.760000228881836
9700,11.57800006866455,7,5.039999961853027,1.7699999809265137,24,66.5999984741211,20.200000762939453,25.68000030517578
13800,8.645000457763672,6.929999828338623,6.190000057220459,1.7899999618530273,24,66.5999984741211,20.200000762939453,15.170000076293945
12700,13.359999656677246,6.929999828338623,5.889999866485596,1.7799999713897705,24,66.5999984741211,20.200000762939453,16.350000381469727
13100,8.717000007629395,6.929999828338623,6.46999979019165,1.7300000190734863,24,66.5999984741211,20.200000762939453,17.1200008392334
12500,5.872000217437744,6.929999828338623,6.400000095367432,1.6799999475479126,24,66.5999984741211,20.200000762939453,19.3700008392334
8500,7.671999931335449,6.929999828338623,5.75,1.6299999952316284,24,66.5999984741211,20.200000762939453,19.920000076293945
5000,38.35200119018555,6.929999828338623,5.449999809265137,1.4900000095367432,24,66.5999984741211,20.200000762939453,30.59000015258789
6300,9.916999816894531,6.929999828338623,5.849999904632568,1.5,24,66.5999984741211,20.200000762939453,29.969999313354492
5600,25.04599952697754,6.929999828338623,5.989999771118164,1.590000033378601,24,66.5999984741211,20.200000762939453,27.040000915527344
7200,14.236000061035156,6.929999828338623,6.340000152587891,1.5700000524520874,24,66.5999984741211,20.200000762939453,20.31999969482422
12100,9.595999717712402,6.929999828338623,6.400000095367432,1.6399999856948853,24,66.5999984741211,20.200000762939453,20.309999465942383
8300,24.802000045776367,6.929999828338623,5.349999904632568,1.7000000476837158,24,66.5999984741211,20.200000762939453,19.770000457763672
8500,41.52899932861328,6.929999828338623,5.53000020980835,1.6100000143051147,24,66.5999984741211,20.200000762939453,27.3799991607666
5000,67.9209976196289,6.929999828338623,5.679999828338623,1.4299999475479126,24,66.5999984741211,20.200000762939453,22.979999542236328
11900,20.715999603271484,6.590000152587891,4.139999866485596,1.1799999475479126,24,66.5999984741211,20.200000762939453,23.34000015258789
27901,11.951000213623047,6.590000152587891,5.610000133514404,1.2899999618530273,24,66.5999984741211,20.200000762939453,12.130000114440918
17200,7.4039998054504395,5.96999979019165,5.619999885559082,1.4500000476837158,24,66.5999984741211,20.200000762939453,26.399999618530273
27499,14.437999725341797,5.96999979019165,6.849999904632568,1.4700000286102295,24,66.5999984741211,20.200000762939453,19.780000686645508
15000,51.13600158691406,5.96999979019165,5.760000228881836,1.409999966621399,24,66.5999984741211,20.200000762939453,10.109999656677246
17200,14.050999641418457,5.96999979019165,6.659999847412109,1.5299999713897705,24,66.5999984741211,20.200000762939453,21.219999313354492
17900,18.81100082397461,5.96999979019165,4.630000114440918,1.5499999523162842,24,66.5999984741211,20.200000762939453,34.369998931884766
16300,26.6560001373291,5.96999979019165,5.150000095367432,1.590000033378601,24,66.5999984741211,20.200000762939453,20.079999923706055
7012,45.74599838256836,6.929999828338623,4.519999980926514,1.659999966621399,24,66.5999984741211,20.200000762939453,36.97999954223633
7200,18.084999084472656,6.789999961853027,6.429999828338623,1.8300000429153442,24,66.5999984741211,20.200000762939453,29.049999237060547
7500,10.833999633789063,6.789999961853027,6.78000020980835,1.8200000524520874,24,66.5999984741211,20.200000762939453,25.790000915527344
10400,25.94099998474121,6.789999961853027,5.300000190734863,1.649999976158142,24,66.5999984741211,20.200000762939453,26.639999389648437
8800,73.53399658203125,6.789999961853027,5.960000038146973,1.7999999523162842,24,66.5999984741211,20.200000762939453,20.6200008392334
8400,11.812000274658203,7.179999828338623,6.820000171661377,1.7899999618530273,24,66.5999984741211,20.200000762939453,22.739999771118164
16700,11.086999893188477,7.179999828338623,6.409999847412109,1.8600000143051147,24,66.5999984741211,20.200000762939453,15.020000457763672
14200,7.0229997634887695,7.179999828338623,6.010000228881836,1.8700000047683716,24,66.5999984741211,20.200000762939453,15.699999809265137
20800,12.04800033569336,6.139999866485596,5.650000095367432,1.9500000476837158,24,66.5999984741211,20.200000762939453,14.100000381469727
13400,7.050000190734863,6.139999866485596,6.099999904632568,2.0199999809265137,24,66.5999984741211,20.200000762939453,23.290000915527344
11700,8.791999816894531,5.840000152587891,5.559999942779541,2.059999942779541,24,66.5999984741211,20.200000762939453,17.15999984741211
8300,15.859999656677246,6.789999961853027,5.900000095367432,1.909999966621399,24,66.5999984741211,20.200000762939453,24.389999389648438
10200,12.246999740600586,5.840000152587891,5.840000152587891,2,24,66.5999984741211,20.200000762939453,15.6899995803833
10900,37.6619987487793,6.789999961853027,6.199999809265137,1.8600000143051147,24,66.5999984741211,20.200000762939453,14.520000457763672
11000,7.367000102996826,6.789999961853027,6.190000057220459,1.940000057220459,24,66.5999984741211,20.200000762939453,21.520000457763672
9500,9.33899974822998,6.789999961853027,6.380000114440918,1.9700000286102295,24,66.5999984741211,20.200000762939453,24.079999923706055
14500,8.491999626159668,5.840000152587891,6.349999904632568,2.049999952316284,24,66.5999984741211,20.200000762939453,17.639999389648437
14100,10.062000274658203,5.840000152587891,6.829999923706055,2.0899999141693115,24,66.5999984741211,20.200000762939453,19.690000534057617
16100,6.443999767303467,5.840000152587891,6.420000076293945,2.200000047683716,24,66.5999984741211,20.200000762939453,12.029999732971191
14300,5.580999851226807,7.130000114440918,6.440000057220459,2.319999933242798,24,66.5999984741211,20.200000762939453,16.219999313354492
11700,13.913000106811523,7.130000114440918,6.210000038146973,2.2200000286102295,24,66.5999984741211,20.200000762939453,15.170000076293945
13400,11.15999984741211,7.400000095367432,6.630000114440918,2.119999885559082,24,66.5999984741211,20.200000762939453,23.270000457763672
9600,14.420999526977539,7.400000095367432,6.460000038146973,2,24,66.5999984741211,20.200000762939453,18.049999237060547
8700,15.177000045776367,7.400000095367432,6.150000095367432,1.909999966621399,24,66.5999984741211,20.200000762939453,26.450000762939453
8400,13.678000450134277,7.400000095367432,5.929999828338623,1.8200000524520874,24,66.5999984741211,20.200000762939453,34.02000045776367
12800,9.390999794006348,7.400000095367432,5.630000114440918,1.8200000524520874,24,66.5999984741211,20.200000762939453,22.8799991607666
10500,22.051000595092773,7.400000095367432,5.820000171661377,1.8700000047683716,24,66.5999984741211,20.200000762939453,22.110000610351563
17100,9.723999977111816,7.400000095367432,6.409999847412109,2.069999933242798,24,66.5999984741211,20.200000762939453,19.520000457763672
18400,5.665999889373779,7.400000095367432,6.21999979019165,2,24,66.5999984741211,20.200000762939453,16.59000015258789
15400,9.967000007629395,7.400000095367432,6.480000019073486,1.9800000190734863,24,66.5999984741211,20.200000762939453,18.850000381469727
10800,12.802000045776367,7.400000095367432,5.849999904632568,1.899999976158142,24,66.5999984741211,20.200000762939453,23.790000915527344
11800,10.67199993133545,7.400000095367432,6.460000038146973,1.9900000095367432,24,66.5999984741211,20.200000762939453,23.979999542236328
14900,6.288000106811523,7.400000095367432,6.340000152587891,2.069999933242798,24,66.5999984741211,20.200000762939453,17.790000915527344
12600,9.925000190734863,7.400000095367432,6.25,2.200000047683716,24,66.5999984741211,20.200000762939453,16.440000534057617
14100,9.329000473022461,7.130000114440918,6.179999828338623,2.259999990463257,24,66.5999984741211,20.200000762939453,18.1299991607666
13000,7.526000022888184,7.130000114440918,6.420000076293945,2.190000057220459,24,66.5999984741211,20.200000762939453,19.309999465942383
13400,6.7179999351501465,7.130000114440918,6.75,2.319999933242798,24,66.5999984741211,20.200000762939453,17.440000534057617
15200,5.440999984741211,7.130000114440918,6.650000095367432,2.359999895095825,24,66.5999984741211,20.200000762939453,17.729999542236328
16100,5.090000152587891,7.130000114440918,6.300000190734863,2.369999885559082,24,66.5999984741211,20.200000762939453,17.270000457763672
17794,8.248000144958496,7.130000114440918,7.389999866485596,2.450000047683716,24,66.5999984741211,20.200000762939453,16.739999771118164
14900,9.513999938964844,7.130000114440918,6.730000019073486,2.5,24,66.5999984741211,20.200000762939453,18.709999084472656
14100,4.751999855041504,7.130000114440918,6.519999980926514,2.440000057220459,24,66.5999984741211,20.200000762939453,18.1299991607666
12700,4.669000148773193,7.130000114440918,5.980000019073486,2.5799999237060547,24,66.5999984741211,20.200000762939453,19.010000228881836
13500,8.201000213623047,7.130000114440918,5.940000057220459,2.7799999713897705,24,66.5999984741211,20.200000762939453,16.940000534057617
14900,7.751999855041504,7.130000114440918,6.300000190734863,2.7799999713897705,24,66.5999984741211,20.200000762939453,16.229999542236328
20000,6.801000118255615,7.130000114440918,6.079999923706055,2.7200000286102295,24,66.5999984741211,20.200000762939453,14.699999809265137
16400,4.811999797821045,7.130000114440918,6.699999809265137,2.5999999046325684,24,66.5999984741211,20.200000762939453,16.420000076293945
17700,3.693000078201294,7.130000114440918,6.369999885559082,2.569999933242798,24,66.5999984741211,20.200000762939453,14.649999618530273
19500,6.65500020980835,7.130000114440918,6.320000171661377,2.7300000190734863,24,66.5999984741211,20.200000762939453,13.989999771118164
20200,5.821000099182129,7.130000114440918,6.510000228881836,2.799999952316284,24,66.5999984741211,20.200000762939453,10.289999961853027
21400,7.839000225067139,6.550000190734863,6.210000038146973,2.9600000381469727,24,66.5999984741211,20.200000762939453,13.220000267028809
19900,3.1659998893737793,6.550000190734863,5.760000228881836,3.069999933242798,24,66.5999984741211,20.200000762939453,14.130000114440918
19000,3.7750000953674316,6.550000190734863,5.949999809265137,2.869999885559082,24,66.5999984741211,20.200000762939453,17.149999618530273
19100,4.421999931335449,5.840000152587891,6,2.5399999618530273,24,66.5999984741211,20.200000762939453,21.31999969482422
17052,15.576000213623047,5.800000190734863,5.929999828338623,2.9100000858306885,24,66.5999984741211,20.200000762939453,18.1299991607666
20100,13.074999809265137,5.800000190734863,5.710000038146973,2.819999933242798,24,66.5999984741211,20.200000762939453,14.670000076293945
19900,4.348999977111816,5.800000190734863,6.170000076293945,3.0299999713897705,24,66.5999984741211,20.200000762939453,16.290000915527344
19600,4.038000106811523,5.320000171661377,6.230000019073486,3.0999999046325684,24,66.5999984741211,20.200000762939453,12.869999885559082
23200,3.569000005722046,5.800000190734863,6.440000057220459,2.9000000953674316,24,66.5999984741211,20.200000762939453,14.359999656677246
29801,4.646999835968018,6.139999866485596,6.980000019073486,2.5299999713897705,24,66.5999984741211,20.200000762939453,11.65999984741211
13800,8.055999755859375,5.840000152587891,5.429999828338623,2.430000066757202,24,66.5999984741211,20.200000762939453,18.139999389648438
13300,6.39300012588501,5.840000152587891,6.159999847412109,2.2100000381469727,24,66.5999984741211,20.200000762939453,24.100000381469727
16700,4.870999813079834,6.139999866485596,6.480000019073486,2.309999942779541,24,66.5999984741211,20.200000762939453,18.68000030517578
12000,15.02299976348877,6.139999866485596,5.300000190734863,2.0999999046325684,24,66.5999984741211,20.200000762939453,24.90999984741211
14600,10.232999801635742,6.139999866485596,6.179999828338623,2.1700000762939453,24,66.5999984741211,20.200000762939453,18.030000686645508
21400,14.333999633789063,6.139999866485596,6.230000019073486,1.9500000476837158,24,66.5999984741211,20.200000762939453,13.109999656677246
23001,5.823999881744385,5.320000171661377,6.239999771118164,3.4200000762939453,24,66.5999984741211,20.200000762939453,10.739999771118164
23699,5.708000183105469,5.320000171661377,6.75,3.3299999237060547,24,66.5999984741211,20.200000762939453,7.739999771118164
24999,5.730999946594238,5.320000171661377,7.059999942779541,3.4100000858306885,24,66.5999984741211,20.200000762939453,6.349999904632568
21800,2.818000078201294,5.320000171661377,5.760000228881836,4.099999904632568,24,66.5999984741211,20.200000762939453,10.420000076293945
20600,2.378999948501587,5.829999923706055,5.869999885559082,3.7200000286102295,24,66.5999984741211,20.200000762939453,13.34000015258789
21200,3.6740000247955322,5.829999923706055,6.309999942779541,3.990000009536743,24,66.5999984741211,20.200000762939453,10.579999923706055
19100,5.691999912261963,5.829999923706055,6.110000133514404,3.549999952316284,24,66.5999984741211,20.200000762939453,14.979999542236328
20600,4.835999965667725,5.829999923706055,5.900000095367432,3.1500000953674316,24,66.5999984741211,20.200000762939453,11.449999809265137
15200,0.1509999930858612,6.090000152587891,5.449999809265137,1.8200000524520874,4,71.0999984741211,20.100000381469727,18.059999465942383
7000,0.18299999833106995,6.090000152587891,5.409999847412109,1.7599999904632568,4,71.0999984741211,20.100000381469727,23.969999313354492
8100,0.2070000022649765,6.090000152587891,5.090000152587891,1.8200000524520874,4,71.0999984741211,20.100000381469727,29.68000030517578
13600,0.10599999874830246,6.090000152587891,5.980000019073486,1.8700000047683716,4,71.0999984741211,20.100000381469727,18.06999969482422
20100,0.11100000143051147,6.090000152587891,5.980000019073486,2.109999895095825,4,71.0999984741211,20.100000381469727,13.350000381469727
21800,0.17299999296665192,5.849999904632568,5.710000038146973,2.380000114440918,6,39.099998474121094,19.200000762939453,12.010000228881836
24499,0.2800000011920929,5.849999904632568,5.929999828338623,2.380000114440918,6,39.099998474121094,19.200000762939453,13.59000015258789
23100,0.17900000512599945,5.849999904632568,5.670000076293945,2.799999952316284,6,39.099998474121094,19.200000762939453,17.600000381469727
19700,0.28999999165534973,5.849999904632568,5.389999866485596,2.799999952316284,6,39.099998474121094,19.200000762939453,21.139999389648438
18300,0.2680000066757202,5.849999904632568,5.789999961853027,2.890000104904175,6,39.099998474121094,19.200000762939453,14.100000381469727
21200,0.23899999260902405,5.849999904632568,6.019999980926514,2.4100000858306885,6,39.099998474121094,19.200000762939453,12.920000076293945
17500,0.17800000309944153,5.849999904632568,5.570000171661377,2.4000000953674316,6,39.099998474121094,19.200000762939453,15.100000381469727
16800,0.2240000069141388,5.849999904632568,6.03000020980835,2.5,6,39.099998474121094,19.200000762939453,14.329999923706055
22400,0.06300000101327896,5.730000019073486,6.590000152587891,2.4800000190734863,1,27.299999237060547,21,9.670000076293945
20600,0.04500000178813934,5.730000019073486,6.119999885559082,2.2899999618530273,1,27.299999237060547,21,9.079999923706055
23899,0.061000000685453415,5.730000019073486,6.980000019073486,2.1700000762939453,1,27.299999237060547,21,5.639999866485596
22000,0.10999999940395355,5.730000019073486,6.789999961853027,2.390000104904175,1,27.299999237060547,21,6.480000019073486
11900,0.04699999839067459,5.730000019073486,6.03000020980835,2.509999990463257,1,27.299999237060547,21,7.880000114440918
